{
  "version": 1,
  "author": "Mohammed Jawed",
  "editor": "wokwi",
  "parts": [
    { "type": "wokwi-arduino-uno", "id": "uno", "top": 58.2, "left": 114.6, "attrs": {} },
    {
      "type": "wokwi-lcd2004",
      "id": "lcd1",
      "top": -195.2,
      "left": -61.6,
      "attrs": { "pins": "i2c" }
    },
    {
      "type": "wokwi-ntc-temperature-sensor",
      "id": "ntc1",
      "top": -7,
      "left": -0.6,
      "attrs": { "BETA": "3950", "temperature": "23" }
    },
    { "type": "wokwi-led", "id": "led1", "top": 6, "left": -15.4, "attrs": { "color": "red" } },
    {
      "type": "wokwi-pir-motion-sensor",
      "id": "pir1",
      "top": -101.6,
      "left": 367.02,
      "attrs": {}
    },
    {
      "type": "wokwi-led",
      "id": "led2",
      "top": -70.8,
      "left": 464.6,
      "attrs": { "color": "red" }
    },
    { "type": "wokwi-hc-sr04", "id": "ultrasonic1", "top": 59.1, "left": 495.1, "attrs": {} },
    { "type": "wokwi-led", "id": "led3", "top": 63.6, "left": 675.8, "attrs": { "color": "red" } },
    {
      "type": "board-ssd1306",
      "id": "oled1",
      "top": -198.46,
      "left": 489.83,
      "attrs": { "i2cAddress": "0x3c" }
    }
  ],
  "connections": [
    [ "lcd1:VCC", "uno:5V", "red", [ "h-38.4", "v163.3", "h67.2", "v278.4", "h163.2" ] ],
    [ "lcd1:GND", "uno:GND.2", "black", [ "h-48", "v182.4", "h67.2", "v278.4", "h182.4" ] ],
    [ "lcd1:SDA", "uno:A4", "green", [ "h-67.2", "v173", "h76.8", "v278.4", "h230.4" ] ],
    [ "lcd1:SCL", "uno:A5", "orange", [ "h-57.6", "v173.1", "h57.6", "v278.4", "h259.2" ] ],
    [ "ntc1:GND", "uno:GND.1", "black", [ "h96" ] ],
    [
      "ntc1:VCC",
      "uno:5V",
      "red",
      [ "h19.2", "v19.2", "h-28.8", "v28.8", "h-19.2", "v192", "h153.6", "v0", "h9.6" ]
    ],
    [
      "ntc1:OUT",
      "uno:A0",
      "green",
      [ "h0", "v19.1", "h-19.2", "v28.8", "h-19.2", "v192", "h230.4" ]
    ],
    [ "led1:A", "uno:12", "green", [ "v76.8", "h249.6", "v-9.6" ] ],
    [ "led1:C", "uno:GND.1", "black", [ "v67.2", "h221.2" ] ],
    [ "pir1:VCC", "uno:5V", "red", [ "v268.8", "h-124.8", "v-38.3" ] ],
    [ "pir1:GND", "uno:GND.1", "black", [ "v19.2", "h-182.66" ] ],
    [ "led2:A", "uno:11", "green", [ "v57.6", "h-220.8" ] ],
    [ "led2:C", "uno:GND.2", "black", [ "v307.2", "h-172.4" ] ],
    [ "pir1:OUT", "uno:2", "green", [ "h-57.74", "v48" ] ],
    [ "ultrasonic1:GND", "uno:GND.2", "black", [ "v211.2", "h-308.4" ] ],
    [ "ultrasonic1:ECHO", "uno:8", "magenta", [ "v28.8", "h-144.8", "v-153.6", "h-163.2" ] ],
    [ "ultrasonic1:TRIG", "uno:9", "green", [ "v67.2", "h-163.6", "v-182.4", "h-134.4" ] ],
    [ "ultrasonic1:VCC", "uno:5V", "red", [ "v182.4", "h-307.2" ] ],
    [ "led3:C", "uno:GND.3", "black", [ "v201.6", "h-393.2" ] ],
    [ "led3:A", "uno:10", "green", [ "v105.6", "h-307.2", "v-163.2", "h-124.8" ] ],
    [
      "oled1:GND",
      "uno:GND.3",
      "black",
      [ "v-19.2", "h105.6", "v9.6", "h96", "v595.2", "h-422.4" ]
    ],
    [ "oled1:VCC", "uno:5V", "red", [ "v-28.8", "h211.35", "v624", "h-470.4", "v9.6" ] ],
    [ "oled1:SDA", "uno:A4", "green", [ "v-48", "h220.87", "v662.4", "h-422.4" ] ],
    [ "oled1:SCL", "uno:A5", "orange", [ "v-38.4", "h221.1", "v643.2", "h-393.6" ] ]
  ],
  "dependencies": {}
}